Workbook

Sheet Expenses
A1: Basecamp Coffee Roasters — Expense Tracker
A2: Date | B2: Vendor | C2: Amount ($) | D2: Country of Origin | E2: Category | F2: Notes | G2: Flagged?
A3: 11/05/2025 | B3: Coffee Bean Warehouse | C3: 247.55 | D3: USA / Ethiopia, Colombia, Indonesia, Brazil | E3: Coffee Supplies | F3: 4 bean varieties, 5lb each | G3: ✓
A4: 11/12/2025 | B4: Office Depot | C4: 89.34 | D4: USA | E4: Office Supplies | F4: Paper, stapler, pens, folders | G4: ✓
A5: 11/18/2025 | B5: Restaurant Depot | C5: 312.67 | D5: USA | E5: Beverage Supplies | F5: Dairy, oat milk, syrups, cups | G5: ✓
A6: 11/22/2025 | B6: Amazon | C6: 156.97 | D6: USA | E6: Equipment | F6: Espresso tools & frothing pitchers | G6: ✓
A7: 11/28/2025 | B7: Chevron | C7: 45 | D7: USA | E7: Fuel | F7: 12.857 gal unleaded plus | G7: ✓
A8: 12/01/2025 | B8: QuickBooks (Intuit) | C8: 30 | D8: USA | E8: Software/Subscriptions | F8: Monthly – Online Plus plan | G8: ✓
A9: 12/01/2025 | B9: Spotify for Business | C9: 14.99 | D9: Sweden | E9: Software/Subscriptions | F9: Premium Business, 1 location | G9: ✓
A10: 12/03/2025 | B10: Coffee Bean Warehouse | C10: 298.75 | D10: USA / Ethiopia, Colombia, Guatemala, Brazil | E10: Coffee Supplies | F10: 5 varieties; loyalty discount applied | G10: ✓
A11: 12/05/2025 | B11: Amazon | C11: 234.56 | D11: USA | E11: Supplies | F11: Coffee cups, sleeves, stirrers, napkins | G11: ✓
A12: 12/08/2025 | B12: Sysco | C12: 523.45 | D12: USA | E12: Food/Bev Supplies | F12: Sugar, dairy, eggs, butter, extracts | G12: ✓
A13: 12/10/2025 | B13: Portland Pastry Co. | C13: 187.5 | D13: USA | E13: Food | F13: Wholesale pastry order – Tues/Fri delivery | G13: ✓
A14: 12/12/2025 | B14: WebstaurantStore | C14: 189 | D14: USA | E14: Equipment | F14: Vitamix blender + sound enclosure | G14: ✓
... A20: 01/05/2026 | B20: Amazon | C20: 150 | D20: USA (estimated) | E20: Supplies | F20: Partial screenshot – order ~$100-200, possibly Staples | G20: ⚠ REVIEW
B21: TOTAL | C21: =SUM(C3:C20) -> 4544.61

Sheet By Category
A1: Totals by Category
A2: Category | B2: Total ($) | C2: % of Spend
A3: Beverage Supplies | B3: =SUMIF(Expenses!E$3:E$20,A3,Expenses!C$3:C$20) -> 757.9 | C3: =B3/B$15 -> 0.16676899
A4: Coffee Supplies | B4: =SUMIF(Expenses!E$3:E$20,A4,Expenses!C$3:C$20) -> 546.3 | C4: =B4/B$15 -> 0.12020833
A5: Equipment | B5: =SUMIF(Expenses!E$3:E$20,A5,Expenses!C$3:C$20) -> 345.97 | C5: =B5/B$15 -> 0.076127544
A6: Food | B6: =SUMIF(Expenses!E$3:E$20,A6,Expenses!C$3:C$20) -> 187.5 | C6: =B6/B$15 -> 0.041257666
A7: Food/Bev Supplies | B7: =SUMIF(Expenses!E$3:E$20,A7,Expenses!C$3:C$20) -> 523.45 | C7: =B7/B$15 -> 0.1151804
A8: Fuel | B8: =SUMIF(Expenses!E$3:E$20,A8,Expenses!C$3:C$20) -> 45 | C8: =B8/B$15 -> 0.0099018398
A9: Insurance | B9: =SUMIF(Expenses!E$3:E$20,A9,Expenses!C$3:C$20) -> 875 | C9: =B9/B$15 -> 0.19253577
A10: Maintenance | B10: =SUMIF(Expenses!E$3:E$20,A10,Expenses!C$3:C$20) -> 67.89 | C10: =B10/B$15 -> 0.014938576
A11: Office Supplies | B11: =SUMIF(Expenses!E$3:E$20,A11,Expenses!C$3:C$20) -> 89.34 | C11: =B11/B$15 -> 0.019658453
A12: Payment Processing | B12: =SUMIF(Expenses!E$3:E$20,A12,Expenses!C$3:C$20) -> 591.71 | C12: =B12/B$15 -> 0.13020039
A13: Software/Subscriptions | B13: =SUMIF(Expenses!E$3:E$20,A13,Expenses!C$3:C$20) -> 44.99 | C13: =B13/B$15 -> 0.0098996394
A14: Supplies | B14: =SUMIF(Expenses!E$3:E$20,A14,Expenses!C$3:C$20) -> 469.56 | C14: =B14/B$15 -> 0.1033224
A15: GRAND TOTAL | B15: =SUM(B3:B14) -> 4544.61

Sheet Flagged Items
A1: ⚠ Flagged / Unclear Receipts — Requires Review
A2: Date | B2: Vendor | C2: Amount ($) | D2: Category | E2: Notes | F2: Action Required
A3: 12/15/2025 | B3: Unknown Vendor | C3: 85 | D3: Supplies | E3: Faded thermal receipt – possibly office/shop supplies | F3: Locate original receipt or request duplicate
A4: 01/05/2026 | B4: Amazon | C4: 150 | D4: Supplies | E4: Partial screenshot – order ~$100-200, possibly Staples | F4: Locate original receipt or request duplicate
